Delta,Time,CORE0_ENERGY (J),CORE0_FREQ (MHZ),CORE0_PSTATE,CORE0_VOLT (V),CORE1_ENERGY (J),CORE1_FREQ (MHZ),CORE1_PSTATE,CORE1_VOLT (V),CORE2_ENERGY (J),CORE2_FREQ (MHZ),CORE2_PSTATE,CORE2_VOLT (V),CORE3_ENERGY (J),CORE3_FREQ (MHZ),CORE3_PSTATE,CORE3_VOLT (V),CORE4_ENERGY (J),CORE4_FREQ (MHZ),CORE4_PSTATE,CORE4_VOLT (V),CORE5_ENERGY (J),CORE5_FREQ (MHZ),CORE5_PSTATE,CORE5_VOLT (V),CPU_ENERGY (J),CPU_FREQUENCY_0,CPU_FREQUENCY_1,CPU_FREQUENCY_10,CPU_FREQUENCY_11,CPU_FREQUENCY_2,CPU_FREQUENCY_3,CPU_FREQUENCY_4,CPU_FREQUENCY_5,CPU_FREQUENCY_6,CPU_FREQUENCY_7,CPU_FREQUENCY_8,CPU_FREQUENCY_9,CPU_USAGE_0,CPU_USAGE_1,CPU_USAGE_10,CPU_USAGE_11,CPU_USAGE_2,CPU_USAGE_3,CPU_USAGE_4,CPU_USAGE_5,CPU_USAGE_6,CPU_USAGE_7,CPU_USAGE_8,CPU_USAGE_9,TOTAL_MEMORY,TOTAL_SWAP,USED_MEMORY,USED_SWAP
0,1758632390661,5535.964080810547,1739.9999999999998,2,0.65625,5535.964080810547,1739.9999999999998,2,0.65625,1114.3647918701172,1739.9999999999998,2,0.65625,1114.3647918701172,1739.9999999999998,2,0.65625,1560.9021911621094,1739.9999999999998,2,0.65625,1560.9022216796875,1739.9999999999998,2,0.65625,48960.6982421875,1867,1890,2075,2170,1736,1736,2170,1736,2170,1734,2170,2173,24.390243530273438,18.91891860961914,17.5,12.820513725280762,15.384615898132324,12.5,20,17.948719024658203,17.5,15.384615898132324,18.421052932739258,20.512821197509766,32376991744,8589930496,6724665344,0
99,1758632390661,5535.965087890625,2175,0,0.7125,5535.965087890625,2175,0,0.7125,1114.3656158447266,1739.9999999999998,2,0.65625,1114.3656158447266,1739.9999999999998,2,0.65625,1560.9024200439453,2175,0,0.71875,1560.9024200439453,2175,0,0.71875,48960.70439147949,1867,1890,2075,2170,1736,1736,2170,1736,2170,1734,2170,2173,24.390243530273438,18.91891860961914,17.5,12.820513725280762,15.384615898132324,12.5,20,17.948719024658203,17.5,15.384615898132324,18.421052932739258,20.512821197509766,32376991744,8589930496,6724665344,0
1,1758632390761,5535.983444213867,2175,0,0.7125,5535.983444213867,2175,0,0.7125,1114.3798522949219,2175,0,0.71875,1114.3798522949219,2175,0,0.71875,1560.9197692871094,2175,0,0.71875,1560.9197692871094,2175,0,0.71875,48961.20860290527,1867,1890,2075,2170,1736,1736,2170,1736,2170,1734,2170,2173,24.390243530273438,18.91891860961914,17.5,12.820513725280762,15.384615898132324,12.5,20,17.948719024658203,17.5,15.384615898132324,18.421052932739258,20.512821197509766,32376991744,8589930496,6723817472,0
