Delta,Time,CORE0_ENERGY (J),CORE0_FREQ (MHZ),CORE0_PSTATE,CORE0_VOLT (V),CORE1_ENERGY (J),CORE1_FREQ (MHZ),CORE1_PSTATE,CORE1_VOLT (V),CORE2_ENERGY (J),CORE2_FREQ (MHZ),CORE2_PSTATE,CORE2_VOLT (V),CORE3_ENERGY (J),CORE3_FREQ (MHZ),CORE3_PSTATE,CORE3_VOLT (V),CORE4_ENERGY (J),CORE4_FREQ (MHZ),CORE4_PSTATE,CORE4_VOLT (V),CORE5_ENERGY (J),CORE5_FREQ (MHZ),CORE5_PSTATE,CORE5_VOLT (V),CPU_ENERGY (J),CPU_FREQUENCY_0,CPU_FREQUENCY_1,CPU_FREQUENCY_10,CPU_FREQUENCY_11,CPU_FREQUENCY_2,CPU_FREQUENCY_3,CPU_FREQUENCY_4,CPU_FREQUENCY_5,CPU_FREQUENCY_6,CPU_FREQUENCY_7,CPU_FREQUENCY_8,CPU_FREQUENCY_9,CPU_USAGE_0,CPU_USAGE_1,CPU_USAGE_10,CPU_USAGE_11,CPU_USAGE_2,CPU_USAGE_3,CPU_USAGE_4,CPU_USAGE_5,CPU_USAGE_6,CPU_USAGE_7,CPU_USAGE_8,CPU_USAGE_9,TOTAL_MEMORY,TOTAL_SWAP,USED_MEMORY,USED_SWAP
0,1758632401052,5538.1563720703125,1739.9999999999998,2,0.65625,5538.1563720703125,1739.9999999999998,2,0.65625,1115.736801147461,2175,0,0.71875,1115.736801147461,2175,0,0.71875,1562.3527374267578,2175,0,0.71875,1562.3527374267578,2175,0,0.71875,49010.854064941406,1736,2169,1736,1732,2170,2169,2168,1769,2161,1736,1736,1806,25,18.421052932739258,17.948719024658203,10.526315689086914,13.1578950881958,15.384615898132324,15.789472579956055,15.789472579956055,15.789472579956055,12.5,15.789472579956055,25.641027450561523,32376991744,8589930496,6704656384,0
99,1758632401052,5538.156585693359,2175,0,0.7125,5538.156585693359,2175,0,0.7125,1115.7368469238281,2175,0,0.71875,1115.7368469238281,2175,0,0.71875,1562.3533782958984,2175,0,0.71875,1562.3540802001953,2175,0,0.71875,49010.865661621094,1736,2169,1736,1732,2170,2169,2168,1769,2161,1736,1736,1806,25,18.421052932739258,17.948719024658203,10.526315689086914,13.1578950881958,15.384615898132324,15.789472579956055,15.789472579956055,15.789472579956055,12.5,15.789472579956055,25.641027450561523,32376991744,8589930496,6704656384,0
1,1758632401152,5538.176956176758,2175,0,0.7125,5538.176956176758,2175,0,0.7125,1115.753921508789,1739.9999999999998,2,0.65625,1115.753921508789,1739.9999999999998,2,0.65625,1562.3614959716797,1739.9999999999998,2,0.65625,1562.3614959716797,1739.9999999999998,2,0.65625,49011.34930419922,1736,2169,1736,1732,2170,2169,2168,1769,2161,1736,1736,1806,25,18.421052932739258,17.948719024658203,10.526315689086914,13.1578950881958,15.384615898132324,15.789472579956055,15.789472579956055,15.789472579956055,12.5,15.789472579956055,25.641027450561523,32376991744,8589930496,6705688576,0
