Delta,Time,CORE0_ENERGY (J),CORE0_FREQ (MHZ),CORE0_PSTATE,CORE0_VOLT (V),CORE1_ENERGY (J),CORE1_FREQ (MHZ),CORE1_PSTATE,CORE1_VOLT (V),CORE2_ENERGY (J),CORE2_FREQ (MHZ),CORE2_PSTATE,CORE2_VOLT (V),CORE3_ENERGY (J),CORE3_FREQ (MHZ),CORE3_PSTATE,CORE3_VOLT (V),CORE4_ENERGY (J),CORE4_FREQ (MHZ),CORE4_PSTATE,CORE4_VOLT (V),CORE5_ENERGY (J),CORE5_FREQ (MHZ),CORE5_PSTATE,CORE5_VOLT (V),CPU_ENERGY (J),CPU_FREQUENCY_0,CPU_FREQUENCY_1,CPU_FREQUENCY_10,CPU_FREQUENCY_11,CPU_FREQUENCY_2,CPU_FREQUENCY_3,CPU_FREQUENCY_4,CPU_FREQUENCY_5,CPU_FREQUENCY_6,CPU_FREQUENCY_7,CPU_FREQUENCY_8,CPU_FREQUENCY_9,CPU_USAGE_0,CPU_USAGE_1,CPU_USAGE_10,CPU_USAGE_11,CPU_USAGE_2,CPU_USAGE_3,CPU_USAGE_4,CPU_USAGE_5,CPU_USAGE_6,CPU_USAGE_7,CPU_USAGE_8,CPU_USAGE_9,TOTAL_MEMORY,TOTAL_SWAP,USED_MEMORY,USED_SWAP
0,1758632714855,5619.428924560547,1739.9999999999998,2,0.65625,5619.428924560547,1739.9999999999998,2,0.65625,1163.2424011230469,1739.9999999999998,2,0.65625,1163.2428436279297,1739.9999999999998,2,0.65625,1614.8722534179688,2175,0,0.7125,1614.8722534179688,1920,1,0.675,50627.69438171387,2170,2170,1735,1892,2139,2142,1738,1735,1951,1734,1961,2078,21.7391300201416,9.090909004211426,17.39130401611328,9.090909004211426,17.39130401611328,9.090909004211426,22.72727394104004,8.69565200805664,17.39130401611328,13.043478012084961,18.18181800842285,18.18181800842285,32376991744,8589930496,6801502208,0
99,1758632714855,5619.429504394531,2175,0,0.7125,5619.429504394531,2175,0,0.7125,1163.2434387207031,2175,0,0.7125,1163.2434387207031,2175,0,0.7125,1614.8723907470703,1739.9999999999998,2,0.65625,1614.8723907470703,1739.9999999999998,2,0.65625,50627.700286865234,2170,2170,1735,1892,2139,2142,1738,1735,1951,1734,1961,2078,21.7391300201416,9.090909004211426,17.39130401611328,9.090909004211426,17.39130401611328,9.090909004211426,22.72727394104004,8.69565200805664,17.39130401611328,13.043478012084961,18.18181800842285,18.18181800842285,32376991744,8589930496,6801502208,0
1,1758632714955,5619.47492980957,2175,0,0.70625,5619.47492980957,2175,0,0.70625,1163.2593841552734,2175,0,0.7125,1163.2593841552734,2175,0,0.7125,1614.8824310302734,2175,0,0.7125,1614.8824310302734,2175,0,0.7125,50628.246353149414,2170,2170,1735,1892,2139,2142,1738,1735,1951,1734,1961,2078,21.7391300201416,9.090909004211426,17.39130401611328,9.090909004211426,17.39130401611328,9.090909004211426,22.72727394104004,8.69565200805664,17.39130401611328,13.043478012084961,18.18181800842285,18.18181800842285,32376991744,8589930496,6802915328,0
