Delta,Time,CORE0_ENERGY (J),CORE0_FREQ (MHZ),CORE0_PSTATE,CORE0_VOLT (V),CORE1_ENERGY (J),CORE1_FREQ (MHZ),CORE1_PSTATE,CORE1_VOLT (V),CORE2_ENERGY (J),CORE2_FREQ (MHZ),CORE2_PSTATE,CORE2_VOLT (V),CORE3_ENERGY (J),CORE3_FREQ (MHZ),CORE3_PSTATE,CORE3_VOLT (V),CORE4_ENERGY (J),CORE4_FREQ (MHZ),CORE4_PSTATE,CORE4_VOLT (V),CORE5_ENERGY (J),CORE5_FREQ (MHZ),CORE5_PSTATE,CORE5_VOLT (V),CPU_ENERGY (J),CPU_FREQUENCY_0,CPU_FREQUENCY_1,CPU_FREQUENCY_10,CPU_FREQUENCY_11,CPU_FREQUENCY_2,CPU_FREQUENCY_3,CPU_FREQUENCY_4,CPU_FREQUENCY_5,CPU_FREQUENCY_6,CPU_FREQUENCY_7,CPU_FREQUENCY_8,CPU_FREQUENCY_9,CPU_USAGE_0,CPU_USAGE_1,CPU_USAGE_10,CPU_USAGE_11,CPU_USAGE_2,CPU_USAGE_3,CPU_USAGE_4,CPU_USAGE_5,CPU_USAGE_6,CPU_USAGE_7,CPU_USAGE_8,CPU_USAGE_9,TOTAL_MEMORY,TOTAL_SWAP,USED_MEMORY,USED_SWAP
0,1758632709606,5618.145172119141,1739.9999999999998,2,0.65625,5618.145172119141,1739.9999999999998,2,0.65625,1162.4537353515625,1739.9999999999998,2,0.65625,1162.4537353515625,1739.9999999999998,2,0.65625,1614.0386047363281,1739.9999999999998,2,0.65625,1614.0386047363281,1739.9999999999998,2,0.65625,50600.88291931152,2170,2169,2170,1735,2170,2170,1754,2075,1893,2083,1936,1954,21.95121955871582,17.948719024658203,20,15.000000953674316,17.5,12.5,20,12.820513725280762,17.5,12.195121765136719,27.5,20.512821197509766,32376991744,8589930496,6790291456,0
100,1758632709606,5618.145324707031,1739.9999999999998,2,0.65625,5618.145324707031,1739.9999999999998,2,0.65625,1162.4537506103516,1739.9999999999998,2,0.65625,1162.4537506103516,1739.9999999999998,2,0.65625,1614.0386199951172,1739.9999999999998,2,0.65625,1614.0386199951172,1739.9999999999998,2,0.65625,50600.88813781738,2170,2169,2170,1735,2170,2170,1754,2075,1893,2083,1936,1954,21.95121955871582,17.948719024658203,20,15.000000953674316,17.5,12.5,20,12.820513725280762,17.5,12.195121765136719,27.5,20.512821197509766,32376991744,8589930496,6790291456,0
1,1758632709706,5618.180084228516,1739.9999999999998,2,0.65625,5618.180084228516,1739.9999999999998,2,0.65625,1162.4820098876953,2175,0,0.7125,1162.4822692871094,2175,0,0.7125,1614.0715637207031,2175,0,0.7125,1614.0715637207031,2175,0,0.7125,50601.49548339844,2170,2169,2170,1735,2170,2170,1754,2075,1893,2083,1936,1954,21.95121955871582,17.948719024658203,20,15.000000953674316,17.5,12.5,20,12.820513725280762,17.5,12.195121765136719,27.5,20.512821197509766,32376991744,8589930496,6790787072,0
