Delta,Time,CORE0_ENERGY (J),CORE0_FREQ (MHZ),CORE0_PSTATE,CORE0_VOLT (V),CORE1_ENERGY (J),CORE1_FREQ (MHZ),CORE1_PSTATE,CORE1_VOLT (V),CORE2_ENERGY (J),CORE2_FREQ (MHZ),CORE2_PSTATE,CORE2_VOLT (V),CORE3_ENERGY (J),CORE3_FREQ (MHZ),CORE3_PSTATE,CORE3_VOLT (V),CORE4_ENERGY (J),CORE4_FREQ (MHZ),CORE4_PSTATE,CORE4_VOLT (V),CORE5_ENERGY (J),CORE5_FREQ (MHZ),CORE5_PSTATE,CORE5_VOLT (V),CPU_ENERGY (J),CPU_FREQUENCY_0,CPU_FREQUENCY_1,CPU_FREQUENCY_10,CPU_FREQUENCY_11,CPU_FREQUENCY_2,CPU_FREQUENCY_3,CPU_FREQUENCY_4,CPU_FREQUENCY_5,CPU_FREQUENCY_6,CPU_FREQUENCY_7,CPU_FREQUENCY_8,CPU_FREQUENCY_9,CPU_USAGE_0,CPU_USAGE_1,CPU_USAGE_10,CPU_USAGE_11,CPU_USAGE_2,CPU_USAGE_3,CPU_USAGE_4,CPU_USAGE_5,CPU_USAGE_6,CPU_USAGE_7,CPU_USAGE_8,CPU_USAGE_9,TOTAL_MEMORY,TOTAL_SWAP,USED_MEMORY,USED_SWAP
0,1758632425306,5544.118621826172,2175,0,0.7125,5544.118621826172,2175,0,0.7125,1118.9836883544922,2175,0,0.71875,1118.9836883544922,2175,0,0.71875,1565.9347686767578,1739.9999999999998,2,0.65625,1565.9347686767578,1739.9999999999998,2,0.65625,49131.77851867676,1735,2144,1822,1990,1736,1736,2169,2170,1737,1735,1736,1095,24.324325561523438,21.052631378173828,18.91891860961914,15.384615898132324,18.421052932739258,14.634145736694336,18.421052932739258,15.789472579956055,15.789472579956055,15.000000953674316,17.5,18.421052932739258,32376991744,8589930496,6698291200,0
99,1758632425306,5544.119338989258,2175,0,0.7125,5544.119338989258,2175,0,0.7125,1118.9837493896484,2175,0,0.71875,1118.9837646484375,2175,0,0.71875,1565.9354705810547,1739.9999999999998,2,0.65625,1565.9354705810547,1739.9999999999998,2,0.65625,49131.79016113281,1735,2144,1822,1990,1736,1736,2169,2170,1737,1735,1736,1095,24.324325561523438,21.052631378173828,18.91891860961914,15.384615898132324,18.421052932739258,14.634145736694336,18.421052932739258,15.789472579956055,15.789472579956055,15.000000953674316,17.5,18.421052932739258,32376991744,8589930496,6698590208,0
1,1758632425406,5544.144561767578,2175,2,0.7125,5544.144561767578,2175,0,0.7125,1119.0000457763672,2175,0,0.71875,1119.0000457763672,2175,0,0.71875,1565.9536590576172,2175,0,0.71875,1565.9536590576172,2175,0,0.71875,49132.295333862305,1735,2144,1822,1990,1736,1736,2169,2170,1737,1735,1736,1095,24.324325561523438,21.052631378173828,18.91891860961914,15.384615898132324,18.421052932739258,14.634145736694336,18.421052932739258,15.789472579956055,15.789472579956055,15.000000953674316,17.5,18.421052932739258,32376991744,8589930496,6700580864,0
