Delta,Time,CORE0_ENERGY (J),CORE0_FREQ (MHZ),CORE0_PSTATE,CORE0_VOLT (V),CORE1_ENERGY (J),CORE1_FREQ (MHZ),CORE1_PSTATE,CORE1_VOLT (V),CORE2_ENERGY (J),CORE2_FREQ (MHZ),CORE2_PSTATE,CORE2_VOLT (V),CORE3_ENERGY (J),CORE3_FREQ (MHZ),CORE3_PSTATE,CORE3_VOLT (V),CORE4_ENERGY (J),CORE4_FREQ (MHZ),CORE4_PSTATE,CORE4_VOLT (V),CORE5_ENERGY (J),CORE5_FREQ (MHZ),CORE5_PSTATE,CORE5_VOLT (V),CPU_ENERGY (J),CPU_FREQUENCY_0,CPU_FREQUENCY_1,CPU_FREQUENCY_10,CPU_FREQUENCY_11,CPU_FREQUENCY_2,CPU_FREQUENCY_3,CPU_FREQUENCY_4,CPU_FREQUENCY_5,CPU_FREQUENCY_6,CPU_FREQUENCY_7,CPU_FREQUENCY_8,CPU_FREQUENCY_9,CPU_USAGE_0,CPU_USAGE_1,CPU_USAGE_10,CPU_USAGE_11,CPU_USAGE_2,CPU_USAGE_3,CPU_USAGE_4,CPU_USAGE_5,CPU_USAGE_6,CPU_USAGE_7,CPU_USAGE_8,CPU_USAGE_9,TOTAL_MEMORY,TOTAL_SWAP,USED_MEMORY,USED_SWAP
0,1758632707008,5617.355361938477,1739.9999999999998,2,0.65625,5617.355361938477,1739.9999999999998,2,0.65625,1162.0909729003906,1739.9999999999998,2,0.65625,1162.0909729003906,1739.9999999999998,2,0.65625,1613.5758209228516,2175,0,0.7125,1613.5758209228516,2175,0,0.7125,50587.33660888672,1736,1780,2170,1095,1971,1736,2170,1095,2170,2051,1880,2101,20.512821197509766,20.512821197509766,15.789472579956055,19.51219367980957,17.948719024658203,12.5,17.948719024658203,12.820513725280762,17.948719024658203,17.5,25,17.5,32376991744,8589930496,6807699456,0
99,1758632707008,5617.355422973633,2175,0,0.7125,5617.355422973633,2175,0,0.7125,1162.0912475585938,1739.9999999999998,2,0.65625,1162.0912475585938,1739.9999999999998,2,0.65625,1613.57666015625,2175,0,0.7125,1613.57666015625,2175,0,0.7125,50587.350830078125,1736,1780,2170,1095,1971,1736,2170,1095,2170,2051,1880,2101,20.512821197509766,20.512821197509766,15.789472579956055,19.51219367980957,17.948719024658203,12.5,17.948719024658203,12.820513725280762,17.948719024658203,17.5,25,17.5,32376991744,8589930496,6807699456,0
1,1758632707109,5617.379486083984,1400,2,0.65625,5617.379486083984,1400,2,0.65625,1162.1139373779297,1400,2,0.65625,1162.1139373779297,1400,2,0.65625,1613.5909729003906,1400,2,0.65625,1613.5909729003906,1400,2,0.65625,50587.84248352051,1736,1780,2170,1095,1971,1736,2170,1095,2170,2051,1880,2101,20.512821197509766,20.512821197509766,15.789472579956055,19.51219367980957,17.948719024658203,12.5,17.948719024658203,12.820513725280762,17.948719024658203,17.5,25,17.5,32376991744,8589930496,6808731648,0
