Delta,Time,CORE0_ENERGY (J),CORE0_FREQ (MHZ),CORE0_PSTATE,CORE0_VOLT (V),CORE1_ENERGY (J),CORE1_FREQ (MHZ),CORE1_PSTATE,CORE1_VOLT (V),CORE2_ENERGY (J),CORE2_FREQ (MHZ),CORE2_PSTATE,CORE2_VOLT (V),CORE3_ENERGY (J),CORE3_FREQ (MHZ),CORE3_PSTATE,CORE3_VOLT (V),CORE4_ENERGY (J),CORE4_FREQ (MHZ),CORE4_PSTATE,CORE4_VOLT (V),CORE5_ENERGY (J),CORE5_FREQ (MHZ),CORE5_PSTATE,CORE5_VOLT (V),CPU_ENERGY (J),CPU_FREQUENCY_0,CPU_FREQUENCY_1,CPU_FREQUENCY_10,CPU_FREQUENCY_11,CPU_FREQUENCY_2,CPU_FREQUENCY_3,CPU_FREQUENCY_4,CPU_FREQUENCY_5,CPU_FREQUENCY_6,CPU_FREQUENCY_7,CPU_FREQUENCY_8,CPU_FREQUENCY_9,CPU_USAGE_0,CPU_USAGE_1,CPU_USAGE_10,CPU_USAGE_11,CPU_USAGE_2,CPU_USAGE_3,CPU_USAGE_4,CPU_USAGE_5,CPU_USAGE_6,CPU_USAGE_7,CPU_USAGE_8,CPU_USAGE_9,TOTAL_MEMORY,TOTAL_SWAP,USED_MEMORY,USED_SWAP
0,1758632427918,5544.699645996094,2175,0,0.7125,5544.699645996094,2175,0,0.7125,1119.3534088134766,2175,0,0.71875,1119.3534088134766,2175,0,0.71875,1566.3592071533203,1739.9999999999998,2,0.65625,1566.3592071533203,1739.9999999999998,2,0.65625,49144.43003845215,2170,2170,2170,2170,2170,2011,2170,2170,2170,2170,2170,2170,21.95121955871582,20.512821197509766,20.512821197509766,12.5,15.000000953674316,12.5,17.5,12.820513725280762,15.384615898132324,10,17.5,17.948719024658203,32376991744,8589930496,6693806080,0
99,1758632427918,5544.700408935547,1739.9999999999998,2,0.65625,5544.700408935547,1739.9999999999998,2,0.65625,1119.3547821044922,2175,0,0.71875,1119.3547821044922,2175,0,0.71875,1566.3592224121094,1739.9999999999998,2,0.65625,1566.3592224121094,1739.9999999999998,2,0.65625,49144.44206237793,2170,2170,2170,2170,2170,2011,2170,2170,2170,2170,2170,2170,21.95121955871582,20.512821197509766,20.512821197509766,12.5,15.000000953674316,12.5,17.5,12.820513725280762,15.384615898132324,10,17.5,17.948719024658203,32376991744,8589930496,6694105088,0
1,1758632428019,5544.750411987305,2175,0,0.7125,5544.750411987305,2175,0,0.7125,1119.365966796875,2175,0,0.71875,1119.365966796875,2175,0,0.71875,1566.3912048339844,2175,0,0.7125,1566.3919677734375,2175,0,0.7125,49145.00035095215,2170,2170,2170,2170,2170,2011,2170,2170,2170,2170,2170,2170,21.95121955871582,20.512821197509766,20.512821197509766,12.5,15.000000953674316,12.5,17.5,12.820513725280762,15.384615898132324,10,17.5,17.948719024658203,32376991744,8589930496,6696103936,0
