Delta,Time,CORE0_ENERGY (J),CORE0_FREQ (MHZ),CORE0_PSTATE,CORE0_VOLT (V),CORE1_ENERGY (J),CORE1_FREQ (MHZ),CORE1_PSTATE,CORE1_VOLT (V),CORE2_ENERGY (J),CORE2_FREQ (MHZ),CORE2_PSTATE,CORE2_VOLT (V),CORE3_ENERGY (J),CORE3_FREQ (MHZ),CORE3_PSTATE,CORE3_VOLT (V),CORE4_ENERGY (J),CORE4_FREQ (MHZ),CORE4_PSTATE,CORE4_VOLT (V),CORE5_ENERGY (J),CORE5_FREQ (MHZ),CORE5_PSTATE,CORE5_VOLT (V),CPU_ENERGY (J),CPU_FREQUENCY_0,CPU_FREQUENCY_1,CPU_FREQUENCY_10,CPU_FREQUENCY_11,CPU_FREQUENCY_2,CPU_FREQUENCY_3,CPU_FREQUENCY_4,CPU_FREQUENCY_5,CPU_FREQUENCY_6,CPU_FREQUENCY_7,CPU_FREQUENCY_8,CPU_FREQUENCY_9,CPU_USAGE_0,CPU_USAGE_1,CPU_USAGE_10,CPU_USAGE_11,CPU_USAGE_2,CPU_USAGE_3,CPU_USAGE_4,CPU_USAGE_5,CPU_USAGE_6,CPU_USAGE_7,CPU_USAGE_8,CPU_USAGE_9,TOTAL_MEMORY,TOTAL_SWAP,USED_MEMORY,USED_SWAP
0,1758632403659,5539.372619628906,1739.9999999999998,2,0.65625,5539.372619628906,1739.9999999999998,2,0.65625,1116.17431640625,2175,0,0.71875,1116.17431640625,2175,0,0.71875,1562.8672637939453,2175,0,0.71875,1562.8672637939453,2175,0,0.71875,49025.6248626709,2170,2170,2170,2170,2170,2171,2170,2170,2170,2170,2170,2170,22.5,29.268291473388672,20,17.073171615600586,15.000000953674316,12.195121765136719,14.634145736694336,17.073171615600586,14.634145736694336,12.5,15.000000953674316,23.809524536132813,32376991744,8589930496,6705561600,0
99,1758632403660,5539.372634887695,2175,0,0.7125,5539.372634887695,2175,0,0.7125,1116.1743621826172,2175,0,0.71875,1116.1743621826172,2175,0,0.71875,1562.8686218261719,2175,0,0.71875,1562.8686218261719,2175,0,0.71875,49025.63621520996,2170,2170,2170,2170,2170,2171,2170,2170,2170,2170,2170,2170,22.5,29.268291473388672,20,17.073171615600586,15.000000953674316,12.195121765136719,14.634145736694336,17.073171615600586,14.634145736694336,12.5,15.000000953674316,23.809524536132813,32376991744,8589930496,6705561600,0
1,1758632403760,5539.396835327148,2175,0,0.7125,5539.396835327148,2175,0,0.7125,1116.1829833984375,1739.9999999999998,2,0.65625,1116.1829833984375,1739.9999999999998,2,0.65625,1562.8818359375,1739.9999999999998,2,0.65625,1562.8818359375,1739.9999999999998,2,0.65625,49026.11328125,2170,2170,2170,2170,2170,2171,2170,2170,2170,2170,2170,2170,22.5,29.268291473388672,20,17.073171615600586,15.000000953674316,12.195121765136719,14.634145736694336,17.073171615600586,14.634145736694336,12.5,15.000000953674316,23.809524536132813,32376991744,8589930496,6709174272,0
