Delta,Time,CORE0_ENERGY (J),CORE0_FREQ (MHZ),CORE0_PSTATE,CORE0_VOLT (V),CORE1_ENERGY (J),CORE1_FREQ (MHZ),CORE1_PSTATE,CORE1_VOLT (V),CORE2_ENERGY (J),CORE2_FREQ (MHZ),CORE2_PSTATE,CORE2_VOLT (V),CORE3_ENERGY (J),CORE3_FREQ (MHZ),CORE3_PSTATE,CORE3_VOLT (V),CORE4_ENERGY (J),CORE4_FREQ (MHZ),CORE4_PSTATE,CORE4_VOLT (V),CORE5_ENERGY (J),CORE5_FREQ (MHZ),CORE5_PSTATE,CORE5_VOLT (V),CPU_ENERGY (J),CPU_FREQUENCY_0,CPU_FREQUENCY_1,CPU_FREQUENCY_10,CPU_FREQUENCY_11,CPU_FREQUENCY_2,CPU_FREQUENCY_3,CPU_FREQUENCY_4,CPU_FREQUENCY_5,CPU_FREQUENCY_6,CPU_FREQUENCY_7,CPU_FREQUENCY_8,CPU_FREQUENCY_9,CPU_USAGE_0,CPU_USAGE_1,CPU_USAGE_10,CPU_USAGE_11,CPU_USAGE_2,CPU_USAGE_3,CPU_USAGE_4,CPU_USAGE_5,CPU_USAGE_6,CPU_USAGE_7,CPU_USAGE_8,CPU_USAGE_9,TOTAL_MEMORY,TOTAL_SWAP,USED_MEMORY,USED_SWAP
0,1758632393266,5536.523162841797,2175,0,0.7125,5536.523162841797,2175,0,0.7125,1114.6918640136719,1739.9999999999998,2,0.65625,1114.6918640136719,1739.9999999999998,2,0.65625,1561.2765045166016,2175,0,0.71875,1561.2765045166016,2175,0,0.71875,48973.47122192383,1975,1095,2170,2170,1868,1736,1736,1736,1839,1760,2170,2031,25,20.512821197509766,15.384615898132324,10.256410598754883,13.1578950881958,10.256410598754883,18.421052932739258,13.1578950881958,15.000000953674316,10.256410598754883,13.1578950881958,19.51219367980957,32376991744,8589930496,6723751936,0
99,1758632393266,5536.52424621582,2400,0,0.75,5536.52424621582,2400,0,0.75,1114.6919555664063,1920,1,0.675,1114.6919555664063,1920,1,0.675,1561.2777709960938,2175,1,0.71875,1561.2777709960938,2175,0,0.71875,48973.482330322266,1975,1095,2170,2170,1868,1736,1736,1736,1839,1760,2170,2031,25,20.512821197509766,15.384615898132324,10.256410598754883,13.1578950881958,10.256410598754883,18.421052932739258,13.1578950881958,15.000000953674316,10.256410598754883,13.1578950881958,19.51219367980957,32376991744,8589930496,6723751936,0
1,1758632393366,5536.539337158203,1739.9999999999998,2,0.65625,5536.539337158203,1739.9999999999998,2,0.65625,1114.7012176513672,1739.9999999999998,2,0.65625,1114.7012176513672,1739.9999999999998,2,0.65625,1561.2890930175781,1739.9999999999998,2,0.65625,1561.2890930175781,1739.9999999999998,2,0.65625,48973.95756530762,1975,1095,2170,2170,1868,1736,1736,1736,1839,1760,2170,2031,25,20.512821197509766,15.384615898132324,10.256410598754883,13.1578950881958,10.256410598754883,18.421052932739258,13.1578950881958,15.000000953674316,10.256410598754883,13.1578950881958,19.51219367980957,32376991744,8589930496,6724255744,0
