Delta,Time,CORE0_ENERGY (J),CORE0_FREQ (MHZ),CORE0_PSTATE,CORE0_VOLT (V),CORE1_ENERGY (J),CORE1_FREQ (MHZ),CORE1_PSTATE,CORE1_VOLT (V),CORE2_ENERGY (J),CORE2_FREQ (MHZ),CORE2_PSTATE,CORE2_VOLT (V),CORE3_ENERGY (J),CORE3_FREQ (MHZ),CORE3_PSTATE,CORE3_VOLT (V),CORE4_ENERGY (J),CORE4_FREQ (MHZ),CORE4_PSTATE,CORE4_VOLT (V),CORE5_ENERGY (J),CORE5_FREQ (MHZ),CORE5_PSTATE,CORE5_VOLT (V),CPU_ENERGY (J),CPU_FREQUENCY_0,CPU_FREQUENCY_1,CPU_FREQUENCY_10,CPU_FREQUENCY_11,CPU_FREQUENCY_2,CPU_FREQUENCY_3,CPU_FREQUENCY_4,CPU_FREQUENCY_5,CPU_FREQUENCY_6,CPU_FREQUENCY_7,CPU_FREQUENCY_8,CPU_FREQUENCY_9,CPU_USAGE_0,CPU_USAGE_1,CPU_USAGE_10,CPU_USAGE_11,CPU_USAGE_2,CPU_USAGE_3,CPU_USAGE_4,CPU_USAGE_5,CPU_USAGE_6,CPU_USAGE_7,CPU_USAGE_8,CPU_USAGE_9,TOTAL_MEMORY,TOTAL_SWAP,USED_MEMORY,USED_SWAP
0,1758632406264,5539.855087280273,1739.9999999999998,2,0.65625,5539.855087280273,1739.9999999999998,2,0.65625,1116.5312042236328,1739.9999999999998,2,0.65625,1116.5312042236328,1739.9999999999998,2,0.65625,1563.1988372802734,2175,0,0.71875,1563.1988372802734,1739.9999999999998,0,0.65625,49038.088607788086,2170,2170,1747,2170,2126,2170,1736,1736,1775,1095,2170,2170,23.809524536132813,20,14.634145736694336,14.634145736694336,19.047618865966797,12.195121765136719,17.5,12.5,16.666667938232422,12.195121765136719,15.789472579956055,12.5,32376991744,8589930496,6707785728,0
99,1758632406264,5539.855377197266,2175,0,0.7125,5539.855377197266,2175,0,0.7125,1116.5318298339844,1739.9999999999998,2,0.65625,1116.5318298339844,1739.9999999999998,2,0.65625,1563.2010192871094,2175,0,0.71875,1563.2010192871094,2175,0,0.71875,49038.094802856445,2170,2170,1747,2170,2126,2170,1736,1736,1775,1095,2170,2170,23.809524536132813,20,14.634145736694336,14.634145736694336,19.047618865966797,12.195121765136719,17.5,12.5,16.666667938232422,12.195121765136719,15.789472579956055,12.5,32376991744,8589930496,6707785728,0
1,1758632406364,5539.873489379883,2175,0,0.7125,5539.873489379883,2175,0,0.7125,1116.5441131591797,1739.9999999999998,2,0.65625,1116.5445709228516,1739.9999999999998,2,0.65625,1563.2141876220703,1739.9999999999998,2,0.65625,1563.2141876220703,2175,0,0.71875,49038.58903503418,2170,2170,1747,2170,2126,2170,1736,1736,1775,1095,2170,2170,23.809524536132813,20,14.634145736694336,14.634145736694336,19.047618865966797,12.195121765136719,17.5,12.5,16.666667938232422,12.195121765136719,15.789472579956055,12.5,32376991744,8589930496,6711791616,0
