Delta,Time,CORE0_ENERGY (J),CORE0_FREQ (MHZ),CORE0_PSTATE,CORE0_VOLT (V),CORE1_ENERGY (J),CORE1_FREQ (MHZ),CORE1_PSTATE,CORE1_VOLT (V),CORE2_ENERGY (J),CORE2_FREQ (MHZ),CORE2_PSTATE,CORE2_VOLT (V),CORE3_ENERGY (J),CORE3_FREQ (MHZ),CORE3_PSTATE,CORE3_VOLT (V),CORE4_ENERGY (J),CORE4_FREQ (MHZ),CORE4_PSTATE,CORE4_VOLT (V),CORE5_ENERGY (J),CORE5_FREQ (MHZ),CORE5_PSTATE,CORE5_VOLT (V),CPU_ENERGY (J),CPU_FREQUENCY_0,CPU_FREQUENCY_1,CPU_FREQUENCY_10,CPU_FREQUENCY_11,CPU_FREQUENCY_2,CPU_FREQUENCY_3,CPU_FREQUENCY_4,CPU_FREQUENCY_5,CPU_FREQUENCY_6,CPU_FREQUENCY_7,CPU_FREQUENCY_8,CPU_FREQUENCY_9,CPU_USAGE_0,CPU_USAGE_1,CPU_USAGE_10,CPU_USAGE_11,CPU_USAGE_2,CPU_USAGE_3,CPU_USAGE_4,CPU_USAGE_5,CPU_USAGE_6,CPU_USAGE_7,CPU_USAGE_8,CPU_USAGE_9,TOTAL_MEMORY,TOTAL_SWAP,USED_MEMORY,USED_SWAP
0,1758632395860,5537.01416015625,2175,0,0.7125,5537.01416015625,2175,0,0.7125,1114.9849548339844,2175,0,0.71875,1114.9849548339844,2175,0,0.71875,1561.6605987548828,2175,0,0.71875,1561.6605987548828,2175,0,0.71875,48985.87138366699,2152,2170,2170,2134,1736,1736,1736,1737,2124,1762,1735,1831,21.95121955871582,24.390243530273438,15.384615898132324,15.000000953674316,10.526315689086914,14.634145736694336,20,15.384615898132324,13.1578950881958,17.5,20.512821197509766,12.820513725280762,32376991744,8589930496,6724644864,0
99,1758632395860,5537.014999389648,1920,1,0.66875,5537.014999389648,1920,1,0.66875,1114.9851989746094,1920,1,0.675,1114.9851989746094,1920,1,0.675,1561.662109375,2400,0,0.75625,1561.662109375,2400,0,0.75625,48985.88284301758,2152,2170,2170,2134,1736,1736,1736,1737,2124,1762,1735,1831,21.95121955871582,24.390243530273438,15.384615898132324,15.000000953674316,10.526315689086914,14.634145736694336,20,15.384615898132324,13.1578950881958,17.5,20.512821197509766,12.820513725280762,32376991744,8589930496,6724644864,0
1,1758632395960,5537.0362548828125,2175,0,0.7125,5537.03630065918,2175,0,0.7125,1114.9933319091797,1739.9999999999998,2,0.65625,1114.9933319091797,1739.9999999999998,2,0.65625,1561.6741027832031,2175,0,0.71875,1561.6741027832031,2175,0,0.71875,48986.36894226074,2152,2170,2170,2134,1736,1736,1736,1737,2124,1762,1735,1831,21.95121955871582,24.390243530273438,15.384615898132324,15.000000953674316,10.526315689086914,14.634145736694336,20,15.384615898132324,13.1578950881958,17.5,20.512821197509766,12.820513725280762,32376991744,8589930496,6726586368,0
