Delta,Time,CORE0_ENERGY (J),CORE0_FREQ (MHZ),CORE0_PSTATE,CORE0_VOLT (V),CORE1_ENERGY (J),CORE1_FREQ (MHZ),CORE1_PSTATE,CORE1_VOLT (V),CORE2_ENERGY (J),CORE2_FREQ (MHZ),CORE2_PSTATE,CORE2_VOLT (V),CORE3_ENERGY (J),CORE3_FREQ (MHZ),CORE3_PSTATE,CORE3_VOLT (V),CORE4_ENERGY (J),CORE4_FREQ (MHZ),CORE4_PSTATE,CORE4_VOLT (V),CORE5_ENERGY (J),CORE5_FREQ (MHZ),CORE5_PSTATE,CORE5_VOLT (V),CPU_ENERGY (J),CPU_FREQUENCY_0,CPU_FREQUENCY_1,CPU_FREQUENCY_10,CPU_FREQUENCY_11,CPU_FREQUENCY_2,CPU_FREQUENCY_3,CPU_FREQUENCY_4,CPU_FREQUENCY_5,CPU_FREQUENCY_6,CPU_FREQUENCY_7,CPU_FREQUENCY_8,CPU_FREQUENCY_9,CPU_USAGE_0,CPU_USAGE_1,CPU_USAGE_10,CPU_USAGE_11,CPU_USAGE_2,CPU_USAGE_3,CPU_USAGE_4,CPU_USAGE_5,CPU_USAGE_6,CPU_USAGE_7,CPU_USAGE_8,CPU_USAGE_9,TOTAL_MEMORY,TOTAL_SWAP,USED_MEMORY,USED_SWAP
0,1758632701815,5616.093612670898,2175,0,0.7125,5616.093948364258,2175,0,0.7125,1161.273696899414,1739.9999999999998,2,0.65625,1161.273696899414,1739.9999999999998,2,0.65625,1612.6829833984375,1739.9999999999998,2,0.65625,1612.6829833984375,1739.9999999999998,2,0.65625,50561.05075073242,1977,2154,2167,1801,1819,1851,2170,2169,2086,1962,2170,2170,24.390243530273438,25.641027450561523,19.51219367980957,20,20,17.5,20,22.5,17.5,17.073171615600586,20,25,32376991744,8589930496,6815428608,0
99,1758632701815,5616.094024658203,2175,0,0.7125,5616.094024658203,2175,0,0.7125,1161.2737274169922,2175,0,0.7125,1161.2737274169922,2175,0,0.7125,1612.683853149414,2175,0,0.7125,1612.683853149414,2175,0,0.7125,50561.062438964844,1977,2154,2167,1801,1819,1851,2170,2169,2086,1962,2170,2170,24.390243530273438,25.641027450561523,19.51219367980957,20,20,17.5,20,22.5,17.5,17.073171615600586,20,25,32376991744,8589930496,6815428608,0
1,1758632701915,5616.120178222656,2175,0,0.7125,5616.120208740234,2175,0,0.7125,1161.288803100586,1739.9999999999998,2,0.65625,1161.288803100586,1739.9999999999998,2,0.65625,1612.7071838378906,1739.9999999999998,2,0.65625,1612.7071838378906,1739.9999999999998,2,0.65625,50561.62260437012,1977,2154,2167,1801,1819,1851,2170,2169,2086,1962,2170,2170,24.390243530273438,25.641027450561523,19.51219367980957,20,20,17.5,20,22.5,17.5,17.073171615600586,20,25,32376991744,8589930496,6818926592,0
