Delta,Time,CORE0_ENERGY (J),CORE0_FREQ (MHZ),CORE0_PSTATE,CORE0_VOLT (V),CORE1_ENERGY (J),CORE1_FREQ (MHZ),CORE1_PSTATE,CORE1_VOLT (V),CORE2_ENERGY (J),CORE2_FREQ (MHZ),CORE2_PSTATE,CORE2_VOLT (V),CORE3_ENERGY (J),CORE3_FREQ (MHZ),CORE3_PSTATE,CORE3_VOLT (V),CORE4_ENERGY (J),CORE4_FREQ (MHZ),CORE4_PSTATE,CORE4_VOLT (V),CORE5_ENERGY (J),CORE5_FREQ (MHZ),CORE5_PSTATE,CORE5_VOLT (V),CPU_ENERGY (J),CPU_FREQUENCY_0,CPU_FREQUENCY_1,CPU_FREQUENCY_10,CPU_FREQUENCY_11,CPU_FREQUENCY_2,CPU_FREQUENCY_3,CPU_FREQUENCY_4,CPU_FREQUENCY_5,CPU_FREQUENCY_6,CPU_FREQUENCY_7,CPU_FREQUENCY_8,CPU_FREQUENCY_9,CPU_USAGE_0,CPU_USAGE_1,CPU_USAGE_10,CPU_USAGE_11,CPU_USAGE_2,CPU_USAGE_3,CPU_USAGE_4,CPU_USAGE_5,CPU_USAGE_6,CPU_USAGE_7,CPU_USAGE_8,CPU_USAGE_9,TOTAL_MEMORY,TOTAL_SWAP,USED_MEMORY,USED_SWAP
0,1758632712230,5618.792984008789,2175,0,0.7125,5618.792984008789,2175,0,0.7125,1162.8210144042969,2175,0,0.7125,1162.8210144042969,2175,0,0.7125,1614.4581756591797,2175,0,0.7125,1614.4581756591797,1739.9999999999998,2,0.65625,50614.19221496582,2170,2170,1922,1912,2170,2170,1898,1751,2170,2170,1736,1736,19.51219367980957,21.428571701049805,23.809524536132813,18.604650497436523,14.634145736694336,14.285715103149414,19.047618865966797,18.604650497436523,18.604650497436523,16.666667938232422,21.95121955871582,19.51219367980957,32376991744,8589930496,6793076736,0
99,1758632712230,5618.794235229492,2175,0,0.70625,5618.794235229492,2175,0,0.70625,1162.821044921875,2175,0,0.7125,1162.821044921875,2175,0,0.7125,1614.4582061767578,2175,0,0.7125,1614.4582061767578,2175,0,0.7125,50614.19744873047,2170,2170,1922,1912,2170,2170,1898,1751,2170,2170,1736,1736,19.51219367980957,21.428571701049805,23.809524536132813,18.604650497436523,14.634145736694336,14.285715103149414,19.047618865966797,18.604650497436523,18.604650497436523,16.666667938232422,21.95121955871582,19.51219367980957,32376991744,8589930496,6793076736,0
1,1758632712330,5618.8294677734375,2175,0,0.70625,5618.8294677734375,2175,0,0.70625,1162.8533172607422,2175,0,0.7125,1162.8533172607422,2175,0,0.7125,1614.4777526855469,2175,0,0.7125,1614.4777526855469,2175,0,0.7125,50614.729232788086,2170,2170,1922,1912,2170,2170,1898,1751,2170,2170,1736,1736,19.51219367980957,21.428571701049805,23.809524536132813,18.604650497436523,14.634145736694336,14.285715103149414,19.047618865966797,18.604650497436523,18.604650497436523,16.666667938232422,21.95121955871582,19.51219367980957,32376991744,8589930496,6800793600,0
