Delta,Time,CORE0_ENERGY (J),CORE0_FREQ (MHZ),CORE0_PSTATE,CORE0_VOLT (V),CORE1_ENERGY (J),CORE1_FREQ (MHZ),CORE1_PSTATE,CORE1_VOLT (V),CORE2_ENERGY (J),CORE2_FREQ (MHZ),CORE2_PSTATE,CORE2_VOLT (V),CORE3_ENERGY (J),CORE3_FREQ (MHZ),CORE3_PSTATE,CORE3_VOLT (V),CORE4_ENERGY (J),CORE4_FREQ (MHZ),CORE4_PSTATE,CORE4_VOLT (V),CORE5_ENERGY (J),CORE5_FREQ (MHZ),CORE5_PSTATE,CORE5_VOLT (V),CPU_ENERGY (J),CPU_FREQUENCY_0,CPU_FREQUENCY_1,CPU_FREQUENCY_10,CPU_FREQUENCY_11,CPU_FREQUENCY_2,CPU_FREQUENCY_3,CPU_FREQUENCY_4,CPU_FREQUENCY_5,CPU_FREQUENCY_6,CPU_FREQUENCY_7,CPU_FREQUENCY_8,CPU_FREQUENCY_9,CPU_USAGE_0,CPU_USAGE_1,CPU_USAGE_10,CPU_USAGE_11,CPU_USAGE_2,CPU_USAGE_3,CPU_USAGE_4,CPU_USAGE_5,CPU_USAGE_6,CPU_USAGE_7,CPU_USAGE_8,CPU_USAGE_9,TOTAL_MEMORY,TOTAL_SWAP,USED_MEMORY,USED_SWAP
0,1758632398468,5537.61604309082,2175,0,0.7125,5537.6165771484375,2175,0,0.7125,1115.375,1739.9999999999998,2,0.65625,1115.375,2175,0,0.71875,1562.0086212158203,1739.9999999999998,2,0.65625,1562.0086212158203,1739.9999999999998,2,0.65625,48998.464935302734,2165,2170,1907,1730,1751,1735,1736,1735,1737,1736,1736,1736,22.5,14.634145736694336,12.5,12.195121765136719,17.073171615600586,10,15.000000953674316,10,12.195121765136719,14.285715103149414,19.51219367980957,15.000000953674316,32376991744,8589930496,6720196608,0
99,1758632398468,5537.617324829102,2175,0,0.7125,5537.617324829102,2175,0,0.7125,1115.3755950927734,2175,0,0.71875,1115.3755950927734,2175,0,0.71875,1562.009521484375,1739.9999999999998,2,0.65625,1562.009521484375,1739.9999999999998,2,0.65625,48998.47595214844,2165,2170,1907,1730,1751,1735,1736,1735,1737,1736,1736,1736,22.5,14.634145736694336,12.5,12.195121765136719,17.073171615600586,10,15.000000953674316,10,12.195121765136719,14.285715103149414,19.51219367980957,15.000000953674316,32376991744,8589930496,6720196608,0
1,1758632398569,5537.632476806641,1739.9999999999998,2,0.65625,5537.632476806641,1739.9999999999998,2,0.65625,1115.3841705322266,2175,0,0.71875,1115.3841705322266,2175,0,0.71875,1562.0257110595703,2175,0,0.71875,1562.0257110595703,2175,0,0.71875,48998.95344543457,2165,2170,1907,1730,1751,1735,1736,1735,1737,1736,1736,1736,22.5,14.634145736694336,12.5,12.195121765136719,17.073171615600586,10,15.000000953674316,10,12.195121765136719,14.285715103149414,19.51219367980957,15.000000953674316,32376991744,8589930496,6723293184,0
