Delta,Time,CORE0_ENERGY (J),CORE0_FREQ (MHZ),CORE0_PSTATE,CORE0_VOLT (V),CORE1_ENERGY (J),CORE1_FREQ (MHZ),CORE1_PSTATE,CORE1_VOLT (V),CORE2_ENERGY (J),CORE2_FREQ (MHZ),CORE2_PSTATE,CORE2_VOLT (V),CORE3_ENERGY (J),CORE3_FREQ (MHZ),CORE3_PSTATE,CORE3_VOLT (V),CORE4_ENERGY (J),CORE4_FREQ (MHZ),CORE4_PSTATE,CORE4_VOLT (V),CORE5_ENERGY (J),CORE5_FREQ (MHZ),CORE5_PSTATE,CORE5_VOLT (V),CPU_ENERGY (J),CPU_FREQUENCY_0,CPU_FREQUENCY_1,CPU_FREQUENCY_10,CPU_FREQUENCY_11,CPU_FREQUENCY_2,CPU_FREQUENCY_3,CPU_FREQUENCY_4,CPU_FREQUENCY_5,CPU_FREQUENCY_6,CPU_FREQUENCY_7,CPU_FREQUENCY_8,CPU_FREQUENCY_9,CPU_USAGE_0,CPU_USAGE_1,CPU_USAGE_10,CPU_USAGE_11,CPU_USAGE_2,CPU_USAGE_3,CPU_USAGE_4,CPU_USAGE_5,CPU_USAGE_6,CPU_USAGE_7,CPU_USAGE_8,CPU_USAGE_9,TOTAL_MEMORY,TOTAL_SWAP,USED_MEMORY,USED_SWAP
0,1758632433114,5546.000030517578,2175,0,0.7125,5546.000030517578,2175,0,0.7125,1120.0311889648438,2175,0,0.71875,1120.0311889648438,2175,0,0.71875,1567.197769165039,2175,0,0.71875,1567.197769165039,2175,0,0.71875,49169.858810424805,2170,2170,1736,1095,2170,2171,1932,2158,2170,2165,2017,1939,22.5,20,15.000000953674316,12.195121765136719,16.666667938232422,16.279069900512695,14.634145736694336,15.000000953674316,17.073171615600586,12.195121765136719,20,15.000000953674316,32376991744,8589930496,6691983360,0
99,1758632433114,5546.00114440918,2400,0,0.75,5546.00114440918,2400,0,0.75,1120.0315246582031,1920,1,0.675,1120.0315246582031,1920,1,0.675,1567.1978149414063,1920,1,0.675,1567.1978149414063,1920,1,0.675,49169.86993408203,2170,2170,1736,1095,2170,2171,1932,2158,2170,2165,2017,1939,22.5,20,15.000000953674316,12.195121765136719,16.666667938232422,16.279069900512695,14.634145736694336,15.000000953674316,17.073171615600586,12.195121765136719,20,15.000000953674316,32376991744,8589930496,6691983360,0
1,1758632433214,5546.017120361328,2175,0,0.7125,5546.017120361328,2175,0,0.7125,1120.0416564941406,2175,0,0.71875,1120.0416564941406,2175,0,0.71875,1567.2096710205078,2175,0,0.71875,1567.2096710205078,2175,0,0.71875,49170.36558532715,2170,2170,1736,1095,2170,2171,1932,2158,2170,2165,2017,1939,22.5,20,15.000000953674316,12.195121765136719,16.666667938232422,16.279069900512695,14.634145736694336,15.000000953674316,17.073171615600586,12.195121765136719,20,15.000000953674316,32376991744,8589930496,6696112128,0
